{
  "version": "2.0.0",
  "tasks": [
    {
      "label": "build",
      "command": "dotnet",
      "type": "process",
      "args": [
        "build",
        "${workspaceFolder}/src/dotnet-demoapp.csproj",
        "/property:GenerateFullPaths=true",
        "/consoleloggerparameters:NoSummary"
      ],
      "problemMatcher": "$msCompile"
    },
    {
      "label": "publish",
      "command": "dotnet",
      "type": "process",
      "args": [
        "publish",
        "${workspaceFolder}/src/dotnet-demoapp.csproj",
        "/property:GenerateFullPaths=true",
        "/consoleloggerparameters:NoSummary"
      ],
      "problemMatcher": "$msCompile"
    },
    {
      "label": "watch",
      "command": "dotnet",
      "type": "process",
      "args": [
        "watch",
        "run",
        "${workspaceFolder}/src/dotnet-demoapp.csproj",
        "/property:GenerateFullPaths=true",
        "/consoleloggerparameters:NoSummary"
      ],
      "problemMatcher": "$msCompile"
    }
  ]
}